timestamp,gyroX,gyroY,gyroZ
0.1,0.011992184567156011,-5.837876591857406e-05,-0.00010274995578086258
0.2,0.01212154764181983,-3.522775447627241e-05,-0.0001325613972077598
0.30000000000000004,0.01210628611793602,-0.00012860182085274325,-0.00013363646055464636
0.4,0.012075953887524887,-9.701726097433578e-05,-0.0003146675893404415
0.5,0.01207153660069253,-0.00011686522382859701,-0.00028095000313469793
0.6000000000000001,0.011986833040436044,-6.156623711715469e-05,-0.0002182684372818415
0.7000000000000001,0.012082810862190029,2.1500704881862495e-05,-2.2621092398773703e-05
0.8,0.01222355550655851,-4.8408345593339375e-05,-1.553782042245605e-06
0.9,0.01211211236319783,-7.7757271800878e-05,-3.399240770828266e-05
1.0,0.012186938577766562,-0.00029335468237804156,-1.4171235027404304e-05
